/*
SQLyog Ultimate v12.08 (64 bit)
MySQL - 8.0.12 : Database - mall
*********************************************************************
*/

/*!40101 SET NAMES utf8 */;

/*!40101 SET SQL_MODE=''*/;

/*!40014 SET @OLD_UNIQUE_CHECKS=@@UNIQUE_CHECKS, UNIQUE_CHECKS=0 */;
/*!40014 SET @OLD_FOREIGN_KEY_CHECKS=@@FOREIGN_KEY_CHECKS, FOREIGN_KEY_CHECKS=0 */;
/*!40101 SET @OLD_SQL_MODE=@@SQL_MODE, SQL_MODE='NO_AUTO_VALUE_ON_ZERO' */;
/*!40111 SET @OLD_SQL_NOTES=@@SQL_NOTES, SQL_NOTES=0 */;
CREATE DATABASE /*!32312 IF NOT EXISTS*/`mall` /*!40100 DEFAULT CHARACTER SET utf8 */;

USE `mall`;

/*Table structure for table `category` */

DROP TABLE IF EXISTS `category`;

CREATE TABLE `category` (
  `id` int(30) NOT NULL AUTO_INCREMENT,
  `categoryName` varchar(100) NOT NULL,
  `ontherName` varchar(30) DEFAULT NULL,
  PRIMARY KEY (`id`)
) ENGINE=MyISAM AUTO_INCREMENT=42 DEFAULT CHARSET=utf8;

/*Data for the table `category` */

insert  into `category`(`id`,`categoryName`,`ontherName`) values (1,'路由器','智能'),(2,'电视机','盒子'),(3,'智能硬件','插线板'),(4,'红米手机','智能手机'),(5,'笔记本','平板'),(6,'小米手机','电话卡'),(37,'出行','穿戴'),(38,'电源','配件'),(39,'健康','儿童'),(40,'耳机','音响'),(41,'生活','箱包');

/*Table structure for table `good` */

DROP TABLE IF EXISTS `good`;

CREATE TABLE `good` (
  `id` int(30) NOT NULL AUTO_INCREMENT,
  `title` varchar(255) NOT NULL,
  `des` text CHARACTER SET utf8 COLLATE utf8_general_ci NOT NULL,
  `categoryId` varchar(30) DEFAULT NULL,
  PRIMARY KEY (`id`)
) ENGINE=MyISAM AUTO_INCREMENT=173 DEFAULT CHARSET=utf8;

/*Data for the table `good` */

insert  into `good`(`id`,`title`,`des`,`categoryId`) values (1,'小米手机无线充电器','支持45W快速充电，mi8原装充电器，采用钛合金材料打造，在省电的同时大大提高了充电的传输效率','3'),(6,'小米MIX 3','DxOMark拍照108分 / 磁动力滑盖全面屏 / 四曲面陶瓷机身 / 骁龙845旗舰处理器 / 包装盒内附赠10W无线充电器','6'),(8,'小米笔记本Pro 15.6','全新第十代英特尔® 酷睿™ i7／i5 处理器\n升级版NVIDIA® GeForce® MX250 独立显卡','5'),(84,'小米9 Pro','拥有超快的骁龙855 Plus，包括 30W 无线闪充在内的三重快充，还有用超强振感的横向线性马达、超高色准的专业屏幕以及众多强大配置。\n','6'),(93,'小米笔记本Air 13.3″ 2019款','高性能轻薄笔记本\n设计制图、运行大型 3D 游戏，复杂任务也可以轻松驾驭。\n配置第八代酷睿四核 i7 处理器 / i5处理器','5'),(94,'Redmi 红米电视 70英寸','70英寸大屏4K+HDR大腔体发声单元内置小爱同学PatchWall轻松投屏K歌娱乐2GB+16GB大存储','2'),(96,'小米电视4C 32英寸','人工智能系统\n高清液晶屏\n64位处理器\n海量影视内容\n立体声扬声器\n1GB+4GB 内存','2'),(103,'米家石英表','计步抬腕可见\n自动校准时间\n智能振动提醒\n日常生活防水\n不锈钢表壳，三色可选','37'),(102,'小米路由器 Pro','全新一代智能家庭中心\n全新金属机身设计 / AC2600双频 / 4x4全向性天线 / 802.11ac wave2 / 支持MU-MIMO','1'),(101,'Redmi 8A','充电宝级大电量\n31天超长续航\n日常使用3天一充','4'),(99,'小米小爱老师','小爱老师口袋外教 丰富内容趣味学习 查单词巨快 背单词巨牢 出国游巨方便  说英语巨地道','3'),(100,'小米米家智能门锁','直插式 C 级智能锁芯*\n锁芯贯穿锁体更安全\n一体化 3D 半导体指纹\n瑞典金融级检测算法\n6 大开锁方式\n指纹、密码（长期、临时、一次性）、NFC等*\n超 16 项安全黑科技\n门锁全面防技术与暴力破解\n\n7 大安全检测*\n内置智能传感器，门锁状态全检测，异常报警\n完善电磁防护设计\n抵御小黑盒攻击*\n米家安全芯片\n蓝牙通讯内容全加密\n丰富的智能联动\n回家，开门就自动开灯*','3'),(104,'小米USB-C数据线 编织线版','高强度纤维编制线体 / 一体化接口设计 / 结实耐用','38'),(105,'米兔拉杆箱','坚固小巧 / 创新收纳分区 / 顺滑静音万向轮 / 赠 DIY 贴纸','39'),(106,'小米小爱音箱 Pro','750mL超大音腔容积 / AUX IN 支持有线连接 / 组合立体声 / 专业级DTS音效 / Hi-Fi级音频芯片 / 支持红外遥控传统家电 / 蓝牙Mesh网关','40'),(109,'Redmi 8','\n高通骁龙439八核处理器\n最高主频 2.0GHz\nAdrenoTM 图形处理器，最高主频 650 MHz\n\n\n4GB+64GB*\n最高可选\n3GB+32GB / 4GB+64GB\n支持高达 512GB 的可扩展存储\n*实际可用容量会由于诸多因素而减少并有所差异：由于操作系统运行占据了部分运行内存（RAM），实际可用空间小于标识内存容量；由于安装操作系统和预装的程序占据了部分机身存储闪存（ROM），实际可用存储空间小于标识闪存容量。','4'),(108,'自动折叠伞','防泼水伞布 / 高效遮阳防晒 / 一键自动开合 / 安全防反弹结构​','41'),(110,'Redmi Note 8 Pro','2000万AI美颜相机','4'),(111,'Redmi Note 8','高通骁龙665八核处理器，最高主频 2.0GHz，AdrenoTM 610图形处理器，高通第三代AIE人工智能引擎','4'),(112,'红米Note 7','4800 万拍照千元机\n18 个月超长质保','4'),(113,'Redmi 7','续航小霸王，Redmi 红米7，18天超长续航* 18个月超长质保','6'),(114,'Redmi 7A','红米7A，小巧大电量，持久又流畅','4'),(115,'小米MIX Alpha','MIX Alpha 是小米站在 5G时代的起点，设计的一款面向未来的概念手机。','6'),(116,'小米全面屏电视E55A','全面屏设计内置小爱同学4K + HDR杜比 + DTSPatchWall海量内容2GB + 8GB大存储64位四核处理器','2'),(117,'小米全面屏电视E65A','人工智能语音系统海量影视内容4K 超高清屏杜比音效64位四核处理器2GB + 8GB大存储','2'),(118,'小米电视4X 43英寸','人工智能语音系统 FHD全高清屏 64位四核处理器 海量片源 1GB+8GB大内存 钢琴烤漆','2'),(119,'小米电视4C 55英寸','\n人工智能 大内存 杜比音效 超窄边 4K HDR 海量片源 纤薄机身 钢琴烤漆','2'),(120,'小米电视4A 65英寸','老人小孩都会用的人工智能语音电视','2'),(121,'小米壁画电视 65英寸','65英寸全场景AI语音艺术电视 大屏智能生活控制中心','2'),(122,'米家智能门锁 推拉式 通用版','适用于标准锁体和霸王锁体 / 直插式C级锁芯 / 6种开锁方式 / 7重安全状态检测 / 抵御小黑盒攻击 / 智能联动','3'),(123,'小米小爱音箱 Play版','结束了一天工作回到家，小爱已乖乖在家等候召唤。只要你一句话，小爱就可以打开电视播放你喜欢的节目，还能让扫地机器人清扫房间|你还可以在睡前吩咐她明天早上准时叫你起床。现在，你可以找到更酷的生活方式，小爱将陆续联动更多新鲜有趣的智能产品，帮你打造一个智能温馨的家。','3'),(124,'小爱音箱 万能遥控版','传统家电秒变智能','3'),(125,'米家电饭煲4L','4L大容量 / 智能加热曲线 / 2.0mm 厚质锅胆 / 大金PFA粉体涂层 / 890W动态功率 / 双感温探头 / 24小时智能远程预约','3'),(126,'小米手环4','改变从今开始 彩屏心率运动手环','3'),(127,'米家九号平衡轮','双脚分离式设计 / 三步轻松上手 / 无需穿脱，踩上就走 / 便携提手，拎着方便','3'),(128,'小米体脂秤2','G字型传感器 / 高精准BIA芯片 / 13项身体数据 / 平衡能力测试','3'),(129,'小米米家电动滑板车Pro','多功能控制面板 / 45 公里续航 / 6倍步行速度','3'),(130,'小米真无线蓝牙耳机 Air 2','智能语音唤醒，解放双手 / 蓝牙5.0芯片，稳定无线连接 / 分体式真无线设计，无主从限制，单双耳灵活切换 / 双麦克风降噪，有效降低通话时环境噪音 / LHDC蓝牙解码高清音质 / 复合振膜动圈，还原声音细节','40'),(131,'高速无线充套装','快速无线闪充 / 独立静音风扇 / Qi充电标准 / 安全充电','38'),(132,'Redmi充电宝 10000mAh 标准版 白色','10000mAh大电量 / 可上飞机 / 双输入接口(USB-C&Micro-USB) / 双输出接口(2xUSB-A) / 高密度锂聚合物电芯','38'),(133,'Redmi充电宝 20000mAh 快充版','20000mAh大电量 / 可上飞机 / 双输入接口(USB-C&Micro-USB) / 双输出接口(2xUSB-A) / 双向18W快充','38'),(134,'小米插线板 5孔位','过载断电保护 / 独立安全门 / 高温阻燃','38'),(135,'小米蓝牙耳机AirDots青春版','雅致简约 / 分体式耳机 / 收纳充电盒 / 蓝牙5.0 / 触控操作\n\n','40'),(136,'小米降噪项圈蓝牙耳机','Hybrid 混合数字降噪，强力消噪 / 支持Sony LDAC，高清音质 / 最长20小时长续航，持久聆听 / 动圈+动铁双单元，三频均衡','40'),(137,'小米蓝牙耳机青春版','支持切歌 | 音量调节 | 6.5克轻巧 | 蓝牙4.1高清通话音质','40'),(138,'小米路由器4A千兆版','双核CPU千兆网口 ／ 双频AC1200 ／ 高增益4天线 ／ 128MB大内存 ／ 安全防蹭网 ／ 儿童安全上网 ／ 专为小米智能家居优化','1'),(139,'小米路由器4','覆盖广，信号强 ／ 智能设备，轻松入网 ／ 802.11n+ac双频并发 ／ 超大Flash，支持丰富功能 ／ 双核处理器，更快更稳定','1'),(140,'27W高速充电插头','快速高效 / 安全稳定 / 兼容性强 / 充电地域不受限制 / 外形简约','1'),(141,'小米USB充电器30W快充版（1A1C）','双口输出 / 30W 输出 / 可折叠插脚 / 小巧便携','1'),(142,'小米USB-C数据线 编织线版','高强度纤维编制线体 / 一体化接口设计 / 结实耐用','1'),(143,'ZMI USB Type-C 转 Lightning 数据线','MFi官方认证，支持iPhone全系列，3A大流量，速度飙升，苹果原装C94端子头','1'),(144,'米家LED随身灯','5级亮度调节 / 亮度提升50% / 小巧轻便 / 可弯曲，适合多种使用场景','1'),(145,'小米9 Pro 5G 极简摩纹保护壳','素面与摩纹拼接，打造时尚魅力 / 优质环保材质，耐用不易变形 / 裸机般顺滑手感，细腻舒适 / 独立按键，按压舒适，回弹灵活 / 全面贴合，边缘光滑','1'),(146,'米家自动洗手机套装','伸手出泡，抑菌有效 |免接触更卫生|99.9% 有效抑菌|植物精华，滋润舒适','1'),(147,'Redmi K20 / K20 Pro 怪力魔王保护壳','优选PC材料，强韧张力，经久耐用 / 精选开孔，全面贴合机身 / 手感轻薄细腻，舒适无负担 / 三款颜色可选，彰显个性，与众不同','1'),(148,'米家保温杯2','316L不锈钢材质内胆 / 超轻旋薄内胆 / 长效保温保冷 / 480ml大容量','41'),(149,'小米小背包','4 级防泼水 / 10L容量 / 轻盈背负 / YKK 拉链','37'),(150,'米家飞行员太阳镜 Pro','阻隔紫外线防眩光 / 1mm 超细镜腿 / 不锈钢超薄镜架 / 免螺丝一体结构','41'),(151,'小米巨能写中性笔10支装','4倍书写长度 / 日本MIKUNI油墨 / 0.5mm弹簧子弹头 / 不易飞白断墨','41'),(152,'小米旅行箱 20英寸 布朗熊限量版','“国际巨星” LINE FRIENDS布朗熊／拉上他回头率飙升／坚韧轻巧 / 科思创PC材质 / 万向静音轮','37'),(153,'米家迷你保温杯','小巧便携 / 保温锁冷 / 轻量杯身 / 多彩四色 / 350ml容量','41'),(154,'米家驱蚊器基础版 3个装','超划算3个装 / 长效驱蚊 / 室内自由摆放 / 无加热设计 / 一键定时','41'),(155,'米家车载空气净化器（USB车充版）','双风机循环气流，高效净化车内空气 过滤 PM2.5 颗粒物|60m³/h 颗粒物 CADR 静音模式|双轮镜像风机','37'),(156,'米家车载空净除甲醛滤芯','触媒活性炭滤网 / 吸附甲醛 / 过滤有害气体 / 祛除异味','37'),(157,'小米米家后视镜行车记录仪','语音控制 ／ 5英寸IPS大屏 ／ 停车监控 ／ 前后双录','37'),(158,'米家电动剃须刀 往复双刀头','超薄便携 / 往复双刀头 / 全身水洗 / 超强续航','39'),(159,'米家电动剃须刀','双环刀网，双层刀片丨 双挡模式，快速剃须丨 干湿双剃，IPX7 级全身防水','39'),(160,'米兔折叠婴儿推车','单手秒收 / 登机免托运 / 四轮独立减震 / 坐躺随心','39'),(161,'米兔智能故事机','海量好故事|微信远程互动|智能语音交互|材质安全耐用','39'),(162,'工程挖掘机','造型炫酷，仿真车型，还原真实功能 / 履带式行进，应对多种复杂地形 / 还原科学机械传动原理 / 高精度零件，舒适拼插手感','39'),(163,'小米游戏本 2019款','处理器与显卡双双升级，搭配144Hz高刷新率全高清屏幕|\n让你在游戏世界恣意闯荡，亦可更加专注极致地创作','5'),(164,'RedmiBook 14 ','高性能独显轻薄本','5'),(166,'小米平板4 8 / 10.1 英寸','大电量，超长续航 / 支持AI人脸识别 / 后置1300万，前置500万摄像头 / 金属机身，超窄边框 / 骁龙660八核处理器','5'),(172,'小米K歌耳机','一键美音 / 一键变声 / 原唱消音 / 耳返','40'),(168,'小米笔记本Air 12.5 | 2019款','全高清屏幕 / 长续航全金属 / 超窄边框 / 像杂志一样随身携带 / 哈曼高品质扬声器','5'),(169,'小米CC9 Pro','1亿像素主摄 / 全场景五摄像头 / 四闪光灯 / 3200万自拍 / 10 倍混合光学变焦，50倍数字变焦 / 5260mAh ⼤电量 / 标配 30W疾速快充 / ⼩米⾸款超薄屏下指纹 / 德国莱茵低蓝光认证 / 多功能NFC / 红外万能遥控 / 1216超线性扬声器','6'),(170,'黑鲨手机2 Pro','骁龙855 Plus旗舰处理器 / 全系标配12GB大运存 / 液冷3.0+，全域液冷升级 / 电竞级屏幕压感，操作快人一步 / 独显DC调光2.0 护眼全新升级','6'),(171,'米家手持手机云台','三轴增稳 ／ 延时摄影 ／ 智能跟随 ／ 持久续航','38');

/*Table structure for table `goodimg` */

DROP TABLE IF EXISTS `goodimg`;

CREATE TABLE `goodimg` (
  `id` int(30) NOT NULL AUTO_INCREMENT,
  `goodId` int(30) NOT NULL,
  `imgSrc` varchar(255) NOT NULL,
  PRIMARY KEY (`id`)
) ENGINE=MyISAM AUTO_INCREMENT=3 DEFAULT CHARSET=utf8;

/*Data for the table `goodimg` */

insert  into `goodimg`(`id`,`goodId`,`imgSrc`) values (1,1,'https://cdn.cnbj0.fds.api.mi-img.com/b2c-shopapi-pms/pms_1569558304.27718807.jpg'),(2,1,'https://cdn.cnbj0.fds.api.mi-img.com/b2c-shopapi-pms/pms_1569557730.79449791.jpg');

/*Table structure for table `goodversion` */

DROP TABLE IF EXISTS `goodversion`;

CREATE TABLE `goodversion` (
  `id` int(30) NOT NULL AUTO_INCREMENT,
  `goodId` int(30) NOT NULL,
  `price` varchar(255) NOT NULL,
  `inventory` int(30) DEFAULT NULL,
  `preferential` varchar(255) DEFAULT NULL,
  `imgSrc` varchar(255) DEFAULT NULL,
  `category` varchar(255) DEFAULT NULL,
  `categoryId` int(30) DEFAULT NULL,
  `carousel` varchar(30) DEFAULT NULL,
  `hot` int(30) DEFAULT NULL,
  `type` varchar(255) DEFAULT NULL,
  PRIMARY KEY (`id`)
) ENGINE=MyISAM AUTO_INCREMENT=251 DEFAULT CHARSET=utf8;

/*Data for the table `goodversion` */

insert  into `goodversion`(`id`,`goodId`,`price`,`inventory`,`preferential`,`imgSrc`,`category`,`categoryId`,`carousel`,`hot`,`type`) values (1,1,'299',666,'256','http://localhost:10086/d78cbc96b052713835e759e45e3b38ea.jpg','智能硬件',3,'-1',NULL,'立式无线充电座'),(2,1,'359',999,'349','http://localhost:10086/101cd40110bd5b3661b1fb2a915b6ec6.jpg','智能硬件',3,'-1',1,'平放无线充电器'),(3,6,'2599',100,'2199','http://localhost:10086/8aa7f7757555884cb35fe82761022e9a.jpg','小米手机',6,'-1',NULL,'6+128'),(4,1,'310',2000,'299','http://localhost:10086/29495c314b22356d937fcce68d79faac.jpg','智能硬件',3,'-1',NULL,'45w'),(5,6,'4599',1000,'3999','http://localhost:10086/5c5e2b565fb16ffd729dd97cc4e507ec.jpg','小米手机',6,'-1',NULL,'6+256'),(6,6,'5555',589,'4999','http://localhost:10086/80c412599de46f0bce1492b9b0f03b4e.jpg','小米手机',6,'-1',NULL,'8+512'),(7,8,'5500',3000,'5499','http://localhost:10086/fc1dac85ee75121961aa2e8aab93375f.jpg','笔记本',5,'-1',NULL,'i5处理器'),(13,8,'7599',789,'6999','http://localhost:10086/f4f33ff437e18fab9293203d4b204536.jpg','笔记本',5,'-1',NULL,'i7处理器'),(40,84,'3699',2000,'3200','http://localhost:10086/4400923827a8b094f1d77ace10f0ddd1.jpg','小米手机',6,'1',NULL,'6+128'),(47,93,'4999',999,'4599','http://localhost:10086/47c36cb035cdfe8068c5fc9a9eacf804.jpg','笔记本',5,'-1',NULL,'i5处理器'),(48,94,'3799',999,'3599','http://localhost:10086/1db435cab920d5af4ebc56a4def3a533.jpg','电视机',2,'-1',NULL,'70寸'),(50,96,'699',999,'599','http://localhost:10086/393e14d90afdff9369e6e5f6f64e1a44.jpg','电视机',2,'-1',NULL,'32寸'),(58,101,'899',999,'799','http://localhost:10086/4ca4cac0edd6256756c3146c0735f042.png','红米手机',4,'-1',NULL,'5000毫安大容量电池'),(56,99,'499',999,'无','http://localhost:10086/18a1a94508a70df74b8fc4cc8cb84631.jpg','智能硬件',3,'-1',NULL,'AI人工智能'),(57,100,'1299',999,'无','http://localhost:10086/0c973547c26f16e3898d35fd570e571b.jpg','智能硬件',3,'-1',NULL,'霸王门锁'),(59,102,'499',999,'无','http://localhost:10086/0a1b07a8e57bfa29f107577b752f2172.jpg','路由器',1,'-1',NULL,'双核全千兆 AC1200 路由器'),(60,103,'239',999,'无','http://localhost:10086/a7715ee35068529ceba23cf30e2f5302.jpg','出行',37,'1',NULL,'黑色'),(61,104,'18',999,'无','http://localhost:10086/af78aa69f9a9aa6a136ee921f54eb12f.jpg','电源',38,'-1',NULL,'USB 3.0'),(62,105,'349',999,'349','http://localhost:10086/286ffe3072f55c4242d3edc0e0d1bd13.jpg','健康',39,'-1',NULL,'粉色'),(63,106,'299',341,'无','http://localhost:10086/6f4088dcfd7021424728e2abf21bad18.jpg','耳机',40,'-1',NULL,'黑色'),(64,108,'98',999,'89','http://localhost:10086/3473d756fb93a44dd144ced43b3c815d.jpg','生活',41,'-1',NULL,'黑色'),(65,109,'999',999,'无','http://localhost:10086/2bf2ab9b2b2ea210aee4c43030c3d38a.png','红米手机',4,'-1',NULL,'4+32G'),(66,110,'999',88,'无','http://localhost:10086/e8924cb5d4c85694f367166cd71e6201.png','红米手机',4,'-1',NULL,'6+64G'),(67,111,'1399',567,'无','http://localhost:10086/4c2765e0d8eadedfd2c8adc22c582959.png','红米手机',4,'-1',NULL,'6+64G'),(68,112,'1199',674,'999','http://localhost:10086/c2ca1b4b29870ef98f8470449591dcc9.jpg','红米手机',4,'-1',NULL,'面部识别'),(69,113,'899',345,'无','http://localhost:10086/148efcaa5217f4ae9f3f5f9c27f9bbe1.jpg','小米手机',6,NULL,NULL,'3+32G'),(70,114,'799',123,'699','http://localhost:10086/35535c1d6214b1cd2da33ace41f0b0d7.jpg','红米手机',4,'1',NULL,'4+32G'),(71,115,'19999',5,'无','http://localhost:10086/296a7f459e5e79d58394da3b536ff3a9.jpg','小米手机',6,'1',NULL,'双面屏'),(72,116,'1699',124,'无','http://localhost:10086/4d51428ab9754a0319f8a944c3be82ae.jpg','电视机',2,'-1',NULL,'47寸'),(73,117,'1999',1412,'2299','http://localhost:10086/6d5a6dc3a3bf79ac2660ca402b51f1b5.jpg','电视机',2,'-1',NULL,'47寸'),(74,118,'999',657,'无','http://localhost:10086/9d34970727b7bcefb93736b1ca40e6b2.jpg','电视机',2,'-1',NULL,'43寸'),(75,119,'1699',2352,'1699','http://localhost:10086/0ed15b8230b57a1903728612a0b5e947.jpg','电视机',2,'-1',NULL,'55寸'),(76,120,'1999',6456,'无','http://localhost:10086/3f6599b346c8525e28c027fa6f794b38.jpg','电视机',2,NULL,NULL,'47寸'),(77,121,'6999',131,'无','http://localhost:10086/825bf7579e121deea9bdaff7332fefbf.jpg','电视机',2,'1',NULL,'65寸'),(78,122,'1699',212,'无','http://localhost:10086/e1de09badbd59f31211a3fb2f1b563bd.jpg','智能硬件',3,'-1',NULL,'通用版'),(79,123,'169',354,'无','http://localhost:10086/c4d3578cc1467dc4f3d74f04a501cac7.jpg','智能硬件',3,'-1',NULL,' Play版'),(80,124,'199',1412,'无','http://localhost:10086/0c85331d35611f8581e01d853797599a.jpg','智能硬件',3,'-1',NULL,'万能遥控版'),(81,125,'499',345,'无','http://localhost:10086/fe63d248d8d3a4ffdddb490a2b626334.jpg','智能硬件',3,'-1',NULL,'4L'),(82,126,'169',213,'159','http://localhost:10086/9999cb54b00bdc6909f271d51b279422.jpg','智能硬件',3,'-1',NULL,'石墨黑'),(83,127,'999',473,'899','http://localhost:10086/4d92ee05d59432e5fa8ddf11ee71bc54.jpg','智能硬件',3,'-1',NULL,'白色'),(84,128,'99',785,'无','http://localhost:10086/ab86097e7eaab22e44f3260bccd289a4.jpg','智能硬件',3,'-1',NULL,'白色'),(85,129,'2799',1421,'无','http://localhost:10086/78cdf5596c5aca5f9c11b97c39f2f8b5.jpg','智能硬件',3,'-1',NULL,'黑色'),(86,130,'399',356,'369','http://localhost:10086/1cca22f90969617d32b66ddde41f629a.jpg','耳机',40,'-1',NULL,'白色'),(87,131,'149',123,'无','http://localhost:10086/59bea0b3c9b83744abe6ccdb9cfbe101.jpg','电源',38,'-1',NULL,'白色'),(88,132,'59',344,'无','http://localhost:10086/86905a0414bb07961dc6e7f3decb81f8.jpg','电源',38,'-1',NULL,'白色'),(89,133,'99',345,'无','http://localhost:10086/8bd22d74fbfbb148c1409a3b5a3820ad.jpeg','电源',38,'-1',NULL,'白色'),(90,134,'39',543,'无','http://localhost:10086/18a1c7804a4e6a822644c98be6ca1aa6.jpg','电源',38,'-1',NULL,'五孔插'),(91,135,'199',179,'无','http://localhost:10086/ccdd7127f30fc7c2b1c5fdc724c255c1.jpg','耳机',40,'-1',NULL,'高清通话'),(92,136,'499',443,'无','http://localhost:10086/c907ba897b815363cc4047b831ff2f97.jpg','耳机',40,'-1',NULL,'黑色'),(93,137,'59',425,'无','http://localhost:10086/674c7bef5327e57ef706ed71b0202f1b.jpg','耳机',40,'-1',NULL,'黑色'),(94,138,'149',141,'无','http://localhost:10086/1ca4d8465a56d85d09bbe359269ca2db.jpg','路由器',1,'-1',NULL,'白色'),(95,139,'199',3463,'无','http://localhost:10086/4f1ce1d82d8afea17ebfe50121f6f890.jpg','电视机',2,'-1',NULL,'白色'),(96,140,'49',542,'无','http://localhost:10086/a6771bd8ff1be953a65db7776a1d449b.jpg','路由器',1,'-1',NULL,'type-c'),(97,141,'59',374,'49','http://localhost:10086/882f7496a0974bba693b33156d10c2ce.jpeg','路由器',1,'-1',NULL,'5v 12A'),(98,142,'18.9',124,'无','http://localhost:10086/9323d3211092e269c8f2282954bae387.jpg','路由器',1,'-1',NULL,'白色'),(99,143,'59',213,'55','http://localhost:10086/4d70fd339a9b8fe0c9211fca8ca557d6.jpg','路由器',1,'-1',NULL,'type-c'),(100,144,'12.9',324,'无','http://localhost:10086/f0e94e05665df684438cfce8c09d56e2.jpg','路由器',1,'-1',NULL,'三档调节'),(101,145,'49',241,'39.9','http://localhost:10086/6de6654c970401677c18c6ac9f3531c7.jpg','路由器',1,'-1',NULL,'睿智黑'),(102,146,'129',1244,'109','http://localhost:10086/af006e91e0e7ea8e7c0ed611495906e1.jpg','路由器',3,'-1',NULL,'莎莉定制版'),(103,147,'39',12321,'36','http://localhost:10086/1120bf256c7ba79c821ee563909ee119.jpg','路由器',1,'-1',NULL,'紫色'),(104,148,'99',1231,'98','http://localhost:10086/94d2206db365c516c4e128b1a42178c0.jpg','生活',41,'-1',NULL,'黑色'),(105,149,'29',132,'28','http://localhost:10086/6bcba89daa45070ec4b6675be9c10773.png','出行',37,'-1',NULL,'黄色'),(106,150,'199',1234,'189','http://localhost:10086/07f3498f5ef7d6a18c8554428c355a25.jpg','生活',41,'-1',NULL,'渐变灰'),(107,151,'9.99',2131,'8.88','http://localhost:10086/224ec86e0a0baf278af3fa319914af81.jpg','生活',41,'-1',NULL,'黑色'),(108,152,'399',213,'389','http://localhost:10086/3f998de9cbc65cf4a265a4b80969f93a.jpg','出行',37,'-1',NULL,'20寸'),(109,153,'49',324,'45','http://localhost:10086/7e91970f37c4e52c46deb5e65b8918a8.jpg','生活',41,'-1',NULL,'白色'),(110,154,'129',12431,'99','http://localhost:10086/cff30e6ed1b781c7cb80ef165b32e67d.jpg','生活',41,'-1',NULL,'白色'),(111,155,'699',242,'666','http://localhost:10086/5b715ca86323713b9af0f7188103f194.jpg','出行',37,'-1',NULL,'灰色'),(112,156,'69',1231,'59','http://localhost:10086/9300da58bf7dd8df553dcb01932e578b.jpg','出行',37,'-1',NULL,'黑色'),(113,157,'369',213,'349','http://localhost:10086/592a41745d07a7438e8915953445f215.png','出行',37,'-1',NULL,'1080p'),(114,158,'179',241,'159','http://localhost:10086/b61922b8700b1cba68f1658f32aa971c.jpg','健康',39,'-1',NULL,'黑色'),(115,159,'199',435,'189','http://localhost:10086/1f6e85443406b27fe7b1ec87a8c1adf5.jpg','健康',39,'-1',NULL,'黑色'),(116,160,'699',2141,'559','http://localhost:10086/1c702333592e6b395aacc514f7d3f424.png','健康',39,'-1',NULL,'粉色'),(117,161,'199',1234,'189','http://localhost:10086/c06541b1eac2eb830499a0ff721e40dc.jpg','健康',39,'-1',NULL,'1800毫安 粉色版'),(118,162,'199',245,'189','http://localhost:10086/2a74b361a69c78a595203bab5a14bc7a.jpg','健康',39,'-1',NULL,'白色'),(119,163,'7299',214,'6999','http://localhost:10086/4c3557f58adfa44e4c116c2ca95b5653.jpg','笔记本',5,'-1',NULL,'I5 8G 512G'),(120,164,'3999',4231,'3699','http://localhost:10086/c2848cb8757bde2cf65746b8087c6a5c.jpg','笔记本',5,'-1',NULL,'R7 16G 512G'),(155,100,'999',999,'无','http://localhost:10086/22dfe898dba85b42c46a6e16e3cb4cc4.jpg','智能硬件',3,'-1',NULL,'左开门'),(156,100,'1599',999,'无','http://localhost:10086/1e7d449a5e9f3f058464097c096991c8.jpg','智能硬件',3,'-1',NULL,'通用版'),(153,101,'999',999,'799','http://localhost:10086/29975dd8970128fae13fc9e52681e247.png','红米手机',4,'-1',NULL,'骁龙660处理器'),(151,101,'1099',999,'899','http://localhost:10086/25ea7ef4bf3e9f42233a7cc4dbf89788.png','红米手机',4,'-1',NULL,'前后双摄'),(157,102,'199',999,'198','http://localhost:10086/3f50d1aa3e39aa96e284b5075d0d469c.jpg','路由器',1,'-1',NULL,'双频双核，更快更稳定'),(158,102,'199',999,'149','http://localhost:10086/a9c4d87bc771462b9efa4ac03c9f0828.jpg','路由器',1,'-1',NULL,'高增益 4天线'),(159,103,'239',999,'无','http://localhost:10086/09cc7176d74d7eed612bcb5c04aa154f.jpg','出行',37,'-1',NULL,'白色'),(160,103,'239',999,'无','http://localhost:10086/9d46ef2e97307a773cd2e2418c965faa.jpg','出行',37,'-1',NULL,'白色'),(161,104,'18',999,'无','http://localhost:10086/d3d45c3dc3b65d2c3412114e7670c04b.jpg','电源',38,'-1',NULL,'type-c'),(162,104,'18',999,'无','http://localhost:10086/b4bbca91912feff26e79571bf2f75f51.jpg','电源',38,'-1',NULL,'super-charge 3.0'),(163,105,'349',999,'309','http://localhost:10086/8eca656950a352bf127197ea75cef4c7.jpg','健康',39,'-1',NULL,'天蓝色'),(164,105,'349',999,'339','http://localhost:10086/e5cd8505af5231738e7c842e4952330d.jpg','健康',39,'-1',NULL,'白色'),(165,106,'299',341,'无','http://localhost:10086/3174168effb1eabf9e223be169327278.jpg','耳机',40,'-1',NULL,'白色'),(166,109,'1499',999,'无','http://localhost:10086/c54230edee116c5fbbdc3be90d2fdfe9.png','红米手机',4,'-1',NULL,'6+64G'),(167,109,'1499',999,'无','http://localhost:10086/8ad181895a8d53a87e29a1fdd3b95ff9.png','红米手机',4,'-1',NULL,'6+128G'),(168,110,'999',88,'无','http://localhost:10086/bc2feac664b18978aea20c64db65fe16.jpg','红米手机',4,'-1',NULL,'水冷'),(169,110,'1999',88,'无','http://localhost:10086/1273e8c8b38702796005e90e8c1d2007.jpg','红米手机',4,'-1',NULL,'6+128G'),(170,111,'999',567,'无','http://localhost:10086/014d3a1887511d55813a7cde678c3ef4.jpg','红米手机',4,'-1',NULL,'4000毫安大容量电池'),(171,111,'599',567,'499','http://localhost:10086/bc32573d791c510991d7fe7dccb47aea.jpg','红米手机',4,'-1',NULL,'3+32G'),(173,112,'799',433,'699','http://localhost:10086/8af653fa5f31cfc84a9504f3e74c9fe2.png','红米手机',4,'-1',NULL,'3+32G'),(174,112,'1200',214,'1099','http://localhost:10086/b58ade25bb4c3e9a2f315e46b6bb74aa.png','红米手机',4,'-1',NULL,'type-c'),(175,113,'899',345,'799','http://localhost:10086/bc2feac664b18978aea20c64db65fe16.jpg','小米手机',6,'-1',NULL,'3+32G'),(176,113,'1199',213,'999','http://localhost:10086/5dff5da4b0ac971a47e0e4a6b47fb251.jpg','小米手机',6,'-1',NULL,'4+64G'),(177,114,'1599',123,'1299','http://localhost:10086/f71b5356ba2b87f0368f6914dad6191e.jpg','红米手机',4,'-1',NULL,'6+128G'),(179,115,'21999',2,'无','http://localhost:10086/cba6694bbf53a4052eb5328d183b2552.jpg','小米手机',6,'-1',NULL,'骁龙855+12G+512'),(181,116,'1999',124,'1599','http://localhost:10086/9e0128267532c58f6bfd890e8f23cc27.png','电视机',2,'-1',NULL,'55寸'),(182,117,'2999',1222,'2666','http://localhost:10086/407dbbcce1ef9b6ef31f8695fabfc73d.png','电视机',2,'-1',NULL,'55寸'),(183,117,'3999',234,'3199','http://localhost:10086/b0e926012d96266471be6aff2d5ae3b2.jpg','电视机',2,'-1',NULL,'60寸'),(184,118,'1299',657,'1199','http://localhost:10086/5f09c6d0637adf465b9d1bace04115c0.jpg','电视机',2,'-1',NULL,'50寸'),(185,119,'3299',2352,'2999','http://localhost:10086/4476e5ba3382e9dad4cfa7e8efd8c798.jpg','电视机',2,'-1',NULL,'60寸'),(186,120,'2499',6456,'2199','http://localhost:10086/1375b818782e2e385e615c795fa7512e.jpg','电视机',2,'-1',NULL,'60寸'),(187,120,'3999',1432,'3299','http://localhost:10086/06699770de556ecea48e4cab756951c5.png','电视机',2,'-1',NULL,'70寸'),(188,121,'8999',134,'无','http://localhost:10086/5b5632ed69111d746fa4ea622482ac74.jpg','电视机',2,'-1',NULL,'70寸'),(189,121,'12999',5,'无','http://localhost:10086/dc7f8cd861db80530b333ca02e10b30d.jpg','电视机',2,'-1',1,'80寸'),(191,125,'259',345,'无','http://localhost:10086/ecbd5a092cbd780aa0ea2c2d68568505.jpg','智能硬件',3,'-1',NULL,'2L'),(192,125,'159',345,'无','http://localhost:10086/9999cb54b00bdc6909f271d51b279422.jpg','智能硬件',3,'-1',NULL,'1L'),(193,126,'229',213,'199','http://localhost:10086/8acb3999896581b0e044ff4597afce9e.jpg','智能硬件',3,'-1',1,'NFC版'),(194,126,'399',213,'359','http://localhost:10086/a2c14f38b7c85fb9eb1883878f898c5e.jpg','智能硬件',3,'-1',NULL,'复仇者联盟限量版'),(195,131,'149',345,'无','http://localhost:10086/bb43912d64f9a16e3be4782b9c59946a.jpg','电源',38,'-1',NULL,'黑色'),(196,134,'28',222,'无','http://localhost:10086/346adb994e35776d9c8ac24935d12a4d.jpg','电源',38,'-1',NULL,'四孔插'),(197,135,'219',436,'无','http://localhost:10086/8b6a3c9be28d62a55ab48a4f9e9bfe6f.jpg','耳机',40,'-1',NULL,'重低音版'),(198,137,'59',367,'无','http://localhost:10086/78b6b73b0eae055cd73d56f09e9b3059.jpg','耳机',40,'-1',NULL,'橙色'),(199,138,'129',624,'无','http://localhost:10086/8df36f0cd080a74bf55e78dc74c6f506.jpg','路由器',1,'-1',NULL,'黑色'),(200,139,'179',5348,'无','http://localhost:10086/bcd2756b0ac38c9794bcfa75a9261eb8.jpg','电视机',2,'-1',NULL,'黑色'),(201,140,'59',259,'无','http://localhost:10086/e7b40d864c5adc6992bd09ac162d7d6a.jpg','路由器',1,'-1',NULL,'lighting'),(202,141,'89',298,'89','http://localhost:10086/35b62ee3b94690b980c6ecf49f9a18dc.jpeg','路由器',1,'-1',NULL,'15v 5A'),(203,141,'25',999,'19','http://localhost:10086/3a9371cbdaf93b419d8a57abda91667c.jpeg','路由器',1,'-1',NULL,'5v 2A'),(204,143,'65',213,'68','http://localhost:10086/2773bc014e10d6244a4bd147e0abcfc1.jpg','路由器',1,'-1',NULL,'lighting'),(205,143,'42',213,'37','http://localhost:10086/c7ece5ef804febd681433b5a562ad2b1.jpg','路由器',1,'-1',NULL,'Micro-Usb'),(206,144,'19.9',324,'无','http://localhost:10086/441112f3a92cf267c90e66a31362bbfe.jpg','路由器',1,'-1',NULL,'五档调节'),(207,146,'79',1244,'72','http://localhost:10086/f87c976badf53c3594b0e6eb784ccea2.jpg','路由器',1,'-1',NULL,'白色'),(208,147,'39',453,'36','http://localhost:10086/29e5b0a72cadf717c4a82718fa8c3747.jpg','路由器',1,'-1',NULL,'红色'),(209,147,'39',4322,'36','http://localhost:10086/acbebd89ada092de20c85ba3f8fcc2f0.jpg','路由器',1,'-1',NULL,'黄色'),(210,148,'99',332,'98','http://localhost:10086/116c0fda8b6e5452445fde8bba041762.jpg','生活',41,'-1',NULL,'白色'),(211,149,'29',237,'28','http://localhost:10086/745d5e70a3326e34c628e096321b74c6.png','出行',37,'-1',NULL,'黑色'),(212,149,'29',435,'28','http://localhost:10086/14257fb33b2794e5effe1b93a22cda80.png','出行',37,'-1',NULL,'深蓝'),(213,149,'29',546,'28','http://localhost:10086/c6e66dcc828254890e8446b034e9b061.png','出行',37,'-1',NULL,'亮蓝'),(214,149,'29',678,'28','http://localhost:10086/36cd7ae8a003ad7ab7ba2212b57fe40b.png','出行',37,'-1',NULL,'暗红'),(215,149,'29',657,'28','http://localhost:10086/874cc3b1df29c3a762dc0cd280de1b5e.png','出行',37,'-1',NULL,'粉色'),(219,152,'439',432,'459','http://localhost:10086/087f307e3bfa8db700ad5c973125afb3.jpg','出行',37,'-1',NULL,'24寸'),(218,151,'9.99',3451,'8.88','http://localhost:10086/357eee5ee88fb185a6bdfd39bf1ddf0a.jpg','生活',41,'-1',NULL,'红色'),(220,153,'49',1412,'45','http://localhost:10086/435083a2af5c60a5554e2b3bde6c187b.jpg','生活',41,'-1',NULL,'黑色'),(224,156,'69',363,'59','http://localhost:10086/9494aff41511d6068365ea6d53ea62b9.jpg','出行',37,'-1',NULL,'蓝色'),(223,153,'49',435,'45','http://localhost:10086/a00eb5205e629f8e1c14d37f93d1477a.jpg','生活',41,'-1',NULL,'粉色'),(226,157,'729',323,'699','http://localhost:10086/316062699cf15040ba688750e9eac7de.png','出行',37,'-1',NULL,'2k'),(227,160,'699',214,'699','http://localhost:10086/5ba5a4cf309ac8f9ddd0ed410e63b0cf.png','健康',39,'-1',NULL,'蓝色'),(228,160,'699',435,'639','http://localhost:10086/7d01b7d8a1f94c3403641a021cce51b6.png','健康',39,'-1',NULL,'灰色'),(229,161,'259',3123,'249','http://localhost:10086/1757808c0b4d37be9b56881cd3c23ad9.jpg','健康',39,'-1',NULL,'蓝色 蓝牙版'),(231,163,'8599',345,'8399','http://localhost:10086/ed8db8d25c0f31a55a801d9fa4f9f1c8.jpg','笔记本',5,'-1',NULL,'I7 16G 512G'),(232,163,'8999',312,'8799','http://localhost:10086/507c1d0707cbe81b4da2b8aa2179d48b.jpg','笔记本',5,'-1',NULL,'I7 16G 1T'),(233,164,'3399',432,'3299','http://localhost:10086/e658c3e862776ad4319d41ce96b9577b.jpg','笔记本',5,'-1',NULL,'R7 8G 512G'),(234,164,'3299',546,'3199','http://localhost:10086/60d11c71ba3b3123f1266847f0fd3923.jpg','笔记本',5,'-1',NULL,'R5 8G 256G'),(235,166,'1499',321,'1299','http://localhost:10086/e6e8b670bc3d628c70ad57d1ae047432.jpg','笔记本',5,'-1',NULL,'8英寸 LTE版 64GB '),(236,166,'1399',356,'1199','http://localhost:10086/5c080fe74f00370d93ea428ffc7c9933.jpg','笔记本',5,'-1',NULL,'8英寸 WIFI版 64GB '),(237,166,'2399',257,'2099','http://localhost:10086/84828458fa078969d3a7615e66717585.jpg','笔记本',5,'-1',NULL,'10英寸 LTE版 128GB '),(239,168,'3599',1421,'3299','http://localhost:10086/b3849c0af4f1a96143d5d111a560c027.jpg','笔记本',5,'-1',NULL,'m3 4G 128G SSD '),(240,168,'3999',342,'3699','http://localhost:10086/768113e221c860a29c945db96b5669c1.jpg','笔记本',5,'-1',NULL,'m3 4G 256G SSD '),(241,168,'4299',455,'4599','http://localhost:10086/0551890aca94ab91c535ae8d6a1598eb.jpg','笔记本',5,'-1',NULL,'i5 4G 256G SSD '),(242,169,'2799',987,'无','http://localhost:10086/617857e578677e02110d521edb87ab51.jpg','小米手机',6,'-1',NULL,'6+128G'),(243,169,'3099',664,'无','http://localhost:10086/42322bfacddaa4c1307da86156e6e277.jpg','小米手机',6,'-1',NULL,'8+128G'),(244,169,'3499',324,'无','http://localhost:10086/bee5579a70be93125f2227bae97f1173.jpg','小米手机',6,'-1',NULL,'8+256G'),(245,170,'2999',899,'无','http://localhost:10086/8f859f281d0cae7d2574793be1f1d678.jpg','小米手机',6,'-1',NULL,'12+128G'),(246,170,'3499',345,'无','http://localhost:10086/6bd7df56b0e1da64dcbf3c9d50804e56.jpg','小米手机',6,'-1',NULL,'12+256G'),(247,170,'3999',435,'无','http://localhost:10086/d21ef97919e169780d23dea7c6917ffe.jpg','小米手机',6,'-1',NULL,'12+512G'),(248,171,'499',2432,'无','http://localhost:10086/18505c751958370309282856960c9589.png','电源',38,'-1',NULL,'白色'),(249,171,'499',3254,'无','http://localhost:10086/d481b8129e585a5e339070405c6af9ea.png','电源',38,'-1',NULL,'黑色'),(250,172,'249',459,'249','http://localhost:10086/40639c53a8fc23ffa731f2e733617fe6.jpg','undefined',NULL,'-1',NULL,'白色');

/*Table structure for table `indent` */

DROP TABLE IF EXISTS `indent`;

CREATE TABLE `indent` (
  `id` int(30) NOT NULL AUTO_INCREMENT,
  `userId` int(30) DEFAULT NULL,
  `address` text,
  `good` text,
  PRIMARY KEY (`id`)
) ENGINE=MyISAM AUTO_INCREMENT=51 DEFAULT CHARSET=utf8;

/*Data for the table `indent` */

insert  into `indent`(`id`,`userId`,`address`,`good`) values (44,13,'[{\"provience\":\"福建\",\"city\":\"泉州市\",\"district\":\"丰泽区\",\"detial\":\"云谷社区院芳路18号\",\"phone\":\"188****7075\",\"contact\":\"张晓均\"}]','[{\"obj\":{\"id\":113,\"title\":\"Redmi 7\",\"des\":\"续航小霸王，Redmi 红米7，18天超长续航* 18个月超长质保\",\"categoryId\":\"6\",\"version\":{\"id\":176,\"goodId\":113,\"price\":\"1199\",\"inventory\":213,\"preferential\":\"999\",\"imgSrc\":\"http://localhost:10086/5dff5da4b0ac971a47e0e4a6b47fb251.jpg\",\"category\":\"小米手机\",\"categoryId\":6,\"carousel\":\"-1\",\"hot\":null,\"type\":\"4+64G\"},\"count\":1,\"checked\":true,\"state\":\"卖家已发货\"}},{\"obj\":{\"id\":113,\"title\":\"Redmi 7\",\"des\":\"续航小霸王，Redmi 红米7，18天超长续航* 18个月超长质保\",\"categoryId\":\"6\",\"version\":{\"id\":69,\"goodId\":113,\"price\":\"899\",\"inventory\":345,\"preferential\":\"无\",\"imgSrc\":\"http://localhost:10086/148efcaa5217f4ae9f3f5f9c27f9bbe1.jpg\",\"category\":\"小米手机\",\"categoryId\":6,\"carousel\":null,\"hot\":null,\"type\":\"3+32G\"},\"count\":1,\"checked\":true,\"state\":\"正在准备中\"}},{\"obj\":{\"id\":101,\"title\":\"Redmi 8A\",\"des\":\"充电宝级大电量31天超长续航日常使用3天一充\",\"categoryId\":\"4\",\"version\":{\"id\":58,\"goodId\":101,\"price\":\"899\",\"inventory\":999,\"preferential\":\"799\",\"imgSrc\":\"http://localhost:10086/4ca4cac0edd6256756c3146c0735f042.png\",\"category\":\"红米手机\",\"categoryId\":4,\"carousel\":\"-1\",\"hot\":null,\"type\":\"5000毫安大容量电池\"},\"count\":1,\"checked\":true,\"state\":\"正在准备中\"}}]'),(43,13,'[{\"provience\":\"福建\",\"city\":\"泉州市\",\"district\":\"丰泽区\",\"detial\":\"云谷社区院芳路18号\",\"phone\":\"188****7075\",\"contact\":\"张晓均\"}]','[{\"obj\":{\"id\":94,\"title\":\"Redmi 红米电视 70英寸\",\"des\":\"70英寸大屏4K+HDR大腔体发声单元内置小爱同学PatchWall轻松投屏K歌娱乐2GB+16GB大存储\",\"categoryId\":\"2\",\"version\":{\"id\":48,\"goodId\":94,\"price\":\"3799\",\"inventory\":999,\"preferential\":\"3599\",\"imgSrc\":\"http://localhost:10086/1db435cab920d5af4ebc56a4def3a533.jpg\",\"category\":\"电视机\",\"categoryId\":2,\"carousel\":\"-1\",\"hot\":null,\"type\":\"70寸\"},\"count\":1,\"checked\":true,\"state\":\"正在准备中\"}},{\"obj\":{\"id\":113,\"title\":\"Redmi 7\",\"des\":\"续航小霸王，Redmi 红米7，18天超长续航* 18个月超长质保\",\"categoryId\":\"6\",\"version\":{\"id\":176,\"goodId\":113,\"price\":\"1199\",\"inventory\":213,\"preferential\":\"999\",\"imgSrc\":\"http://localhost:10086/5dff5da4b0ac971a47e0e4a6b47fb251.jpg\",\"category\":\"小米手机\",\"categoryId\":6,\"carousel\":\"-1\",\"hot\":null,\"type\":\"4+64G\"},\"count\":1,\"checked\":true,\"state\":\"正在准备中\"}},{\"obj\":{\"id\":112,\"title\":\"红米Note 7\",\"des\":\"4800 万拍照千元机\n18 个月超长质保\",\"categoryId\":\"4\",\"version\":{\"id\":68,\"goodId\":112,\"price\":\"1199\",\"inventory\":674,\"preferential\":\"999\",\"imgSrc\":\"http://localhost:10086/c2ca1b4b29870ef98f8470449591dcc9.jpg\",\"category\":\"红米手机\",\"categoryId\":4,\"carousel\":\"-1\",\"hot\":null,\"type\":\"面部识别\"},\"count\":1,\"checked\":true,\"state\":\"正在准备中\"}}]'),(42,13,'[{\"provience\":\"福建\",\"city\":\"泉州市\",\"district\":\"丰泽区\",\"detial\":\"云谷社区院芳路18号\",\"phone\":\"188****7075\",\"contact\":\"张晓均\"}]','[{\"obj\":{\"id\":154,\"title\":\"米家驱蚊器基础版 3个装\",\"des\":\"超划算3个装 / 长效驱蚊 / 室内自由摆放 / 无加热设计 / 一键定时\",\"categoryId\":\"41\",\"version\":{\"id\":110,\"goodId\":154,\"price\":\"129\",\"inventory\":12431,\"preferential\":\"99\",\"imgSrc\":\"http://localhost:10086/cff30e6ed1b781c7cb80ef165b32e67d.jpg\",\"category\":\"生活\",\"categoryId\":41,\"carousel\":\"-1\",\"hot\":null,\"type\":\"白色\"},\"count\":1,\"checked\":true,\"state\":\"正在准备中\"}},{\"obj\":{\"id\":94,\"title\":\"Redmi 红米电视 70英寸\",\"des\":\"70英寸大屏4K+HDR大腔体发声单元内置小爱同学PatchWall轻松投屏K歌娱乐2GB+16GB大存储\",\"categoryId\":\"2\",\"version\":{\"id\":48,\"goodId\":94,\"price\":\"3799\",\"inventory\":999,\"preferential\":\"3599\",\"imgSrc\":\"http://localhost:10086/1db435cab920d5af4ebc56a4def3a533.jpg\",\"category\":\"电视机\",\"categoryId\":2,\"carousel\":\"-1\",\"hot\":null,\"type\":\"70寸\"},\"count\":1,\"checked\":true,\"state\":\"正在准备中\"}}]'),(40,13,'[{\"provience\":\"福建\",\"city\":\"泉州市\",\"district\":\"丰泽区\",\"detial\":\"云谷社区院芳路18号\",\"phone\":\"188****7075\",\"contact\":\"张晓均\"}]','[{\"obj\":{\"id\":113,\"title\":\"Redmi 7\",\"des\":\"续航小霸王，Redmi 红米7，18天超长续航* 18个月超长质保\",\"categoryId\":\"6\",\"version\":{\"id\":176,\"goodId\":113,\"price\":\"1199\",\"inventory\":213,\"preferential\":\"999\",\"imgSrc\":\"http://localhost:10086/5dff5da4b0ac971a47e0e4a6b47fb251.jpg\",\"category\":\"小米手机\",\"categoryId\":6,\"carousel\":\"-1\",\"hot\":null,\"type\":\"4+64G\"},\"count\":1,\"checked\":true,\"state\":\"正在准备中\"}},{\"obj\":{\"id\":154,\"title\":\"米家驱蚊器基础版 3个装\",\"des\":\"超划算3个装 / 长效驱蚊 / 室内自由摆放 / 无加热设计 / 一键定时\",\"categoryId\":\"41\",\"version\":{\"id\":110,\"goodId\":154,\"price\":\"129\",\"inventory\":12431,\"preferential\":\"99\",\"imgSrc\":\"http://localhost:10086/cff30e6ed1b781c7cb80ef165b32e67d.jpg\",\"category\":\"生活\",\"categoryId\":41,\"carousel\":\"-1\",\"hot\":null,\"type\":\"白色\"},\"count\":1,\"checked\":true,\"state\":\"正在准备中\"}}]'),(41,13,'[{\"provience\":\"福建\",\"city\":\"泉州市\",\"district\":\"丰泽区\",\"detial\":\"云谷社区院芳路18号\",\"phone\":\"188****7075\",\"contact\":\"张晓均\"}]','[{\"obj\":{\"id\":154,\"title\":\"米家驱蚊器基础版 3个装\",\"des\":\"超划算3个装 / 长效驱蚊 / 室内自由摆放 / 无加热设计 / 一键定时\",\"categoryId\":\"41\",\"version\":{\"id\":110,\"goodId\":154,\"price\":\"129\",\"inventory\":12431,\"preferential\":\"99\",\"imgSrc\":\"http://localhost:10086/cff30e6ed1b781c7cb80ef165b32e67d.jpg\",\"category\":\"生活\",\"categoryId\":41,\"carousel\":\"-1\",\"hot\":null,\"type\":\"白色\"},\"count\":1,\"checked\":true,\"state\":\"正在准备中\"}},{\"obj\":{\"id\":94,\"title\":\"Redmi 红米电视 70英寸\",\"des\":\"70英寸大屏4K+HDR大腔体发声单元内置小爱同学PatchWall轻松投屏K歌娱乐2GB+16GB大存储\",\"categoryId\":\"2\",\"version\":{\"id\":48,\"goodId\":94,\"price\":\"3799\",\"inventory\":999,\"preferential\":\"3599\",\"imgSrc\":\"http://localhost:10086/1db435cab920d5af4ebc56a4def3a533.jpg\",\"category\":\"电视机\",\"categoryId\":2,\"carousel\":\"-1\",\"hot\":null,\"type\":\"70寸\"},\"count\":1,\"checked\":true,\"state\":\"正在准备中\"}}]'),(38,13,'[{\"provience\":\"福建\",\"city\":\"泉州市\",\"district\":\"丰泽区\",\"detial\":\"云谷社区院芳路18号\",\"phone\":\"188****7075\",\"contact\":\"张晓均\"}]','[{\"obj\":{\"id\":84,\"title\":\"小米9 Pro\",\"des\":\"拥有超快的骁龙855 Plus，包括 30W 无线闪充在内的三重快充，还有用超强振感的横向线性马达、超高色准的专业屏幕以及众多强大配置。\",\"categoryId\":\"6\",\"version\":{\"id\":40,\"goodId\":84,\"price\":\"3699\",\"inventory\":2000,\"preferential\":\"3200\",\"imgSrc\":\"http://localhost:10086/4400923827a8b094f1d77ace10f0ddd1.jpg\",\"category\":\"小米手机\",\"categoryId\":6,\"carousel\":\"1\",\"hot\":null,\"type\":\"6+128\"},\"count\":1,\"checked\":true,\"state\":\"卖家已发货\"}},{\"obj\":{\"id\":100,\"title\":\"小米米家智能门锁\",\"des\":\"直插式 C 级智能锁芯*锁芯贯穿锁体更安全一体化 3D 半导体指纹瑞典金融级检测算法6 大开锁方式指纹、密码（长期、临时、一次性）、NFC等*超 16 项安全黑科技门锁全面防技术与暴力破解7 大安全检测*内置智能传感器，门锁状态全检测，异常报警完善电磁防护设计抵御小黑盒攻击*米家安全芯片蓝牙通讯内容全加密丰富的智能联动回家，开门就自动开灯*\",\"categoryId\":\"3\",\"version\":{\"id\":57,\"goodId\":100,\"price\":\"1299\",\"inventory\":999,\"preferential\":\"无\",\"imgSrc\":\"http://localhost:10086/0c973547c26f16e3898d35fd570e571b.jpg\",\"category\":\"智能硬件\",\"categoryId\":3,\"carousel\":\"-1\",\"hot\":null,\"type\":\"霸王门锁\"},\"count\":1,\"checked\":true,\"state\":\"卖家已发货\"}}]'),(39,13,'[{\"provience\":\"福建\",\"city\":\"泉州市\",\"district\":\"丰泽区\",\"detial\":\"云谷社区院芳路18号\",\"phone\":\"188****7075\",\"contact\":\"张晓均\"}]','[{\"obj\":{\"id\":100,\"title\":\"小米米家智能门锁\",\"des\":\"直插式 C 级智能锁芯*\n锁芯贯穿锁体更安全\n一体化 3D 半导体指纹\n瑞典金融级检测算法\n6 大开锁方式\n指纹、密码（长期、临时、一次性）、NFC等*\n超 16 项安全黑科技\n门锁全面防技术与暴力破解\n\n7 大安全检测*\n内置智能传感器，门锁状态全检测，异常报警\n完善电磁防护设计\n抵御小黑盒攻击*\n米家安全芯片\n蓝牙通讯内容全加密\n丰富的智能联动\n回家，开门就自动开灯*\",\"categoryId\":\"3\",\"version\":{\"id\":57,\"goodId\":100,\"price\":\"1299\",\"inventory\":999,\"preferential\":\"无\",\"imgSrc\":\"http://localhost:10086/0c973547c26f16e3898d35fd570e571b.jpg\",\"category\":\"智能硬件\",\"categoryId\":3,\"carousel\":\"-1\",\"hot\":null,\"type\":\"霸王门锁\"},\"count\":1,\"checked\":true,\"state\":\"正在准备中\"}},{\"obj\":{\"id\":113,\"title\":\"Redmi 7\",\"des\":\"续航小霸王，Redmi 红米7，18天超长续航* 18个月超长质保\",\"categoryId\":\"6\",\"version\":{\"id\":176,\"goodId\":113,\"price\":\"1199\",\"inventory\":213,\"preferential\":\"999\",\"imgSrc\":\"http://localhost:10086/5dff5da4b0ac971a47e0e4a6b47fb251.jpg\",\"category\":\"小米手机\",\"categoryId\":6,\"carousel\":\"-1\",\"hot\":null,\"type\":\"4+64G\"},\"count\":1,\"checked\":true,\"state\":\"正在准备中\"}}]'),(36,13,'[{\"provience\":\"福建\",\"city\":\"泉州市\",\"district\":\"丰泽区\",\"detial\":\"云谷社区院芳路18号\",\"phone\":\"188****7075\",\"contact\":\"张晓均\"}]','[{\"obj\":{\"id\":6,\"title\":\"小米MIX 3\",\"des\":\"DxOMark拍照108分 / 磁动力滑盖全面屏 / 四曲面陶瓷机身 / 骁龙845旗舰处理器 / 包装盒内附赠10W无线充电器\",\"categoryId\":\"6\",\"version\":{\"id\":6,\"goodId\":6,\"price\":\"5555\",\"inventory\":589,\"preferential\":\"4999\",\"imgSrc\":\"http://localhost:10086/80c412599de46f0bce1492b9b0f03b4e.jpg\",\"category\":\"小米手机\",\"categoryId\":6,\"carousel\":\"-1\",\"hot\":null,\"type\":\"8+512\"},\"count\":1,\"checked\":true,\"state\":\"卖家已发货\"}},{\"obj\":{\"id\":138,\"title\":\"小米路由器4A千兆版\",\"des\":\"双核CPU千兆网口 ／ 双频AC1200 ／ 高增益4天线 ／ 128MB大内存 ／ 安全防蹭网 ／ 儿童安全上网 ／ 专为小米智能家居优化\",\"categoryId\":\"1\",\"version\":{\"id\":94,\"goodId\":138,\"price\":\"149\",\"inventory\":141,\"preferential\":\"无\",\"imgSrc\":\"http://localhost:10086/1ca4d8465a56d85d09bbe359269ca2db.jpg\",\"category\":\"路由器\",\"categoryId\":1,\"carousel\":\"-1\",\"hot\":null,\"type\":\"白色\"},\"count\":1,\"checked\":true,\"state\":\"正在准备中\"}}]'),(35,13,'[{\"provience\":\"福建\",\"city\":\"泉州市\",\"district\":\"丰泽区\",\"detial\":\"云谷社区院芳路18号\",\"phone\":\"188****7075\",\"contact\":\"张晓均\"}]','[{\"obj\":{\"id\":1,\"title\":\"小米手机无线充电器\",\"des\":\"支持45W快速充电，mi8原装充电器，采用钛合金材料打造，在省电的同时大大提高了充电的传输效率\",\"categoryId\":\"3\",\"version\":{\"id\":4,\"goodId\":1,\"price\":\"310\",\"inventory\":2000,\"preferential\":\"299\",\"imgSrc\":\"http://localhost:10086/29495c314b22356d937fcce68d79faac.jpg\",\"category\":\"智能硬件\",\"categoryId\":3,\"carousel\":\"-1\",\"hot\":null,\"type\":\"45w\"},\"count\":1,\"checked\":true,\"state\":\"卖家已发货\"}},{\"obj\":{\"id\":6,\"title\":\"小米MIX 3\",\"des\":\"DxOMark拍照108分 / 磁动力滑盖全面屏 / 四曲面陶瓷机身 / 骁龙845旗舰处理器 / 包装盒内附赠10W无线充电器\",\"categoryId\":\"6\",\"version\":{\"id\":6,\"goodId\":6,\"price\":\"5555\",\"inventory\":589,\"preferential\":\"4999\",\"imgSrc\":\"http://localhost:10086/80c412599de46f0bce1492b9b0f03b4e.jpg\",\"category\":\"小米手机\",\"categoryId\":6,\"carousel\":\"-1\",\"hot\":null,\"type\":\"8+512\"},\"count\":1,\"checked\":true,\"state\":\"卖家已发货\"}}]'),(45,13,'[{\"provience\":\"福建\",\"city\":\"泉州市\",\"district\":\"丰泽区\",\"detial\":\"云谷社区院芳路18号\",\"phone\":\"188****7075\",\"contact\":\"张晓均\"}]','[{\"obj\":{\"id\":113,\"title\":\"Redmi 7\",\"des\":\"续航小霸王，Redmi 红米7，18天超长续航* 18个月超长质保\",\"categoryId\":\"6\",\"version\":{\"id\":176,\"goodId\":113,\"price\":\"1199\",\"inventory\":213,\"preferential\":\"999\",\"imgSrc\":\"http://localhost:10086/5dff5da4b0ac971a47e0e4a6b47fb251.jpg\",\"category\":\"小米手机\",\"categoryId\":6,\"carousel\":\"-1\",\"hot\":null,\"type\":\"4+64G\"},\"count\":1,\"checked\":true,\"state\":\"正在准备中\"}},{\"obj\":{\"id\":113,\"title\":\"Redmi 7\",\"des\":\"续航小霸王，Redmi 红米7，18天超长续航* 18个月超长质保\",\"categoryId\":\"6\",\"version\":{\"id\":69,\"goodId\":113,\"price\":\"899\",\"inventory\":345,\"preferential\":\"无\",\"imgSrc\":\"http://localhost:10086/148efcaa5217f4ae9f3f5f9c27f9bbe1.jpg\",\"category\":\"小米手机\",\"categoryId\":6,\"carousel\":null,\"hot\":null,\"type\":\"3+32G\"},\"count\":2,\"checked\":true,\"state\":\"正在准备中\"}},{\"obj\":{\"id\":115,\"title\":\"小米MIX Alpha\",\"des\":\"MIX Alpha 是小米站在 5G时代的起点，设计的一款面向未来的概念手机。\",\"categoryId\":\"6\",\"version\":{\"id\":179,\"goodId\":115,\"price\":\"21999\",\"inventory\":2,\"preferential\":\"无\",\"imgSrc\":\"http://localhost:10086/cba6694bbf53a4052eb5328d183b2552.jpg\",\"category\":\"小米手机\",\"categoryId\":6,\"carousel\":\"-1\",\"hot\":null,\"type\":\"骁龙855+12G+512\"},\"count\":1,\"checked\":true,\"state\":\"正在准备中\"}}]'),(46,13,'[{\"provience\":\"福建\",\"city\":\"泉州市\",\"district\":\"丰泽区\",\"detial\":\"云谷社区院芳路18号\",\"phone\":\"188****7075\",\"contact\":\"张晓均\"}]','[{\"obj\":{\"id\":113,\"title\":\"Redmi 7\",\"des\":\"续航小霸王，Redmi 红米7，18天超长续航* 18个月超长质保\",\"categoryId\":\"6\",\"version\":{\"id\":69,\"goodId\":113,\"price\":\"899\",\"inventory\":345,\"preferential\":\"无\",\"imgSrc\":\"http://localhost:10086/148efcaa5217f4ae9f3f5f9c27f9bbe1.jpg\",\"category\":\"小米手机\",\"categoryId\":6,\"carousel\":null,\"hot\":null,\"type\":\"3+32G\"},\"count\":2,\"checked\":true,\"state\":\"正在准备中\"}},{\"obj\":{\"id\":169,\"title\":\"小米CC9 Pro\",\"des\":\"1亿像素主摄 / 全场景五摄像头 / 四闪光灯 / 3200万自拍 / 10 倍混合光学变焦，50倍数字变焦 / 5260mAh ⼤电量 / 标配 30W疾速快充 / ⼩米⾸款超薄屏下指纹 / 德国莱茵低蓝光认证 / 多功能NFC / 红外万能遥控 / 1216超线性扬声器\",\"categoryId\":\"6\",\"version\":{\"id\":244,\"goodId\":169,\"price\":\"3499\",\"inventory\":324,\"preferential\":\"无\",\"imgSrc\":\"http://localhost:10086/bee5579a70be93125f2227bae97f1173.jpg\",\"category\":\"小米手机\",\"categoryId\":6,\"carousel\":\"-1\",\"hot\":null,\"type\":\"8+256G\"},\"count\":1,\"checked\":true,\"state\":\"正在准备中\"}},{\"obj\":{\"id\":112,\"title\":\"红米Note 7\",\"des\":\"4800 万拍照千元机\n18 个月超长质保\",\"categoryId\":\"4\",\"version\":{\"id\":174,\"goodId\":112,\"price\":\"1200\",\"inventory\":214,\"preferential\":\"1099\",\"imgSrc\":\"http://localhost:10086/b58ade25bb4c3e9a2f315e46b6bb74aa.png\",\"category\":\"红米手机\",\"categoryId\":4,\"carousel\":\"-1\",\"hot\":null,\"type\":\"type-c\"},\"count\":1,\"checked\":true,\"state\":\"正在准备中\"}}]'),(47,13,'[{\"provience\":\"福建\",\"city\":\"泉州市\",\"district\":\"丰泽区\",\"detial\":\"云谷社区院芳路18号\",\"phone\":\"188****7075\",\"contact\":\"张晓均\"}]','[{\"obj\":{\"id\":169,\"title\":\"小米CC9 Pro\",\"des\":\"1亿像素主摄 / 全场景五摄像头 / 四闪光灯 / 3200万自拍 / 10 倍混合光学变焦，50倍数字变焦 / 5260mAh ⼤电量 / 标配 30W疾速快充 / ⼩米⾸款超薄屏下指纹 / 德国莱茵低蓝光认证 / 多功能NFC / 红外万能遥控 / 1216超线性扬声器\",\"categoryId\":\"6\",\"version\":{\"id\":244,\"goodId\":169,\"price\":\"3499\",\"inventory\":324,\"preferential\":\"无\",\"imgSrc\":\"http://localhost:10086/bee5579a70be93125f2227bae97f1173.jpg\",\"category\":\"小米手机\",\"categoryId\":6,\"carousel\":\"-1\",\"hot\":null,\"type\":\"8+256G\"},\"count\":1,\"checked\":true,\"state\":\"正在准备中\"}},{\"obj\":{\"id\":110,\"title\":\"Redmi Note 8 Pro\",\"des\":\"2000万AI美颜相机\",\"categoryId\":\"4\",\"version\":{\"id\":169,\"goodId\":110,\"price\":\"1999\",\"inventory\":88,\"preferential\":\"无\",\"imgSrc\":\"http://localhost:10086/1273e8c8b38702796005e90e8c1d2007.jpg\",\"category\":\"红米手机\",\"categoryId\":4,\"carousel\":\"-1\",\"hot\":null,\"type\":\"6+128G\"},\"count\":1,\"checked\":true,\"state\":\"正在准备中\"}},{\"obj\":{\"id\":101,\"title\":\"Redmi 8A\",\"des\":\"充电宝级大电量\n31天超长续航\n日常使用3天一充\",\"categoryId\":\"4\",\"version\":{\"id\":58,\"goodId\":101,\"price\":\"899\",\"inventory\":999,\"preferential\":\"799\",\"imgSrc\":\"http://localhost:10086/4ca4cac0edd6256756c3146c0735f042.png\",\"category\":\"红米手机\",\"categoryId\":4,\"carousel\":\"-1\",\"hot\":null,\"type\":\"5000毫安大容量电池\"},\"count\":1,\"checked\":true,\"state\":\"正在准备中\"}}]'),(48,13,'[{\"provience\":\"福建\",\"city\":\"泉州市\",\"district\":\"丰泽区\",\"detial\":\"云谷社区院芳路18号\",\"phone\":\"188****7075\",\"contact\":\"张晓均\"}]','[{\"obj\":{\"id\":110,\"title\":\"Redmi Note 8 Pro\",\"des\":\"2000万AI美颜相机\",\"categoryId\":\"4\",\"version\":{\"id\":169,\"goodId\":110,\"price\":\"1999\",\"inventory\":88,\"preferential\":\"无\",\"imgSrc\":\"http://localhost:10086/1273e8c8b38702796005e90e8c1d2007.jpg\",\"category\":\"红米手机\",\"categoryId\":4,\"carousel\":\"-1\",\"hot\":null,\"type\":\"6+128G\"},\"count\":1,\"checked\":true,\"state\":\"正在准备中\"}},{\"obj\":{\"id\":113,\"title\":\"Redmi 7\",\"des\":\"续航小霸王，Redmi 红米7，18天超长续航* 18个月超长质保\",\"categoryId\":\"6\",\"version\":{\"id\":176,\"goodId\":113,\"price\":\"1199\",\"inventory\":213,\"preferential\":\"999\",\"imgSrc\":\"http://localhost:10086/5dff5da4b0ac971a47e0e4a6b47fb251.jpg\",\"category\":\"小米手机\",\"categoryId\":6,\"carousel\":\"-1\",\"hot\":null,\"type\":\"4+64G\"},\"count\":1,\"checked\":true,\"state\":\"正在准备中\"}},{\"obj\":{\"id\":109,\"title\":\"Redmi 8\",\"des\":\"\n高通骁龙439八核处理器\n最高主频 2.0GHz\nAdrenoTM 图形处理器，最高主频 650 MHz\n\n\n4GB+64GB*\n最高可选\n3GB+32GB / 4GB+64GB\n支持高达 512GB 的可扩展存储\n*实际可用容量会由于诸多因素而减少并有所差异：由于操作系统运行占据了部分运行内存（RAM），实际可用空间小于标识内存容量；由于安装操作系统和预装的程序占据了部分机身存储闪存（ROM），实际可用存储空间小于标识闪存容量。\",\"categoryId\":\"4\",\"version\":{\"id\":167,\"goodId\":109,\"price\":\"1499\",\"inventory\":999,\"preferential\":\"无\",\"imgSrc\":\"http://localhost:10086/8ad181895a8d53a87e29a1fdd3b95ff9.png\",\"category\":\"红米手机\",\"categoryId\":4,\"carousel\":\"-1\",\"hot\":null,\"type\":\"6+128G\"},\"count\":1,\"checked\":true,\"state\":\"正在准备中\"}}]'),(49,13,'[{\"provience\":\"福建\",\"city\":\"泉州市\",\"district\":\"丰泽区\",\"detial\":\"云谷社区院芳路18号\",\"phone\":\"188****7075\",\"contact\":\"张晓均\"}]','[{\"obj\":{\"id\":113,\"title\":\"Redmi 7\",\"des\":\"续航小霸王，Redmi 红米7，18天超长续航* 18个月超长质保\",\"categoryId\":\"6\",\"version\":{\"id\":176,\"goodId\":113,\"price\":\"1199\",\"inventory\":213,\"preferential\":\"999\",\"imgSrc\":\"http://localhost:10086/5dff5da4b0ac971a47e0e4a6b47fb251.jpg\",\"category\":\"小米手机\",\"categoryId\":6,\"carousel\":\"-1\",\"hot\":null,\"type\":\"4+64G\"},\"count\":1,\"checked\":true,\"state\":\"正在准备中\"}},{\"obj\":{\"id\":99,\"title\":\"小米小爱老师\",\"des\":\"小爱老师口袋外教 丰富内容趣味学习 查单词巨快 背单词巨牢 出国游巨方便  说英语巨地道\",\"categoryId\":\"3\",\"version\":{\"id\":56,\"goodId\":99,\"price\":\"499\",\"inventory\":999,\"preferential\":\"无\",\"imgSrc\":\"http://localhost:10086/18a1a94508a70df74b8fc4cc8cb84631.jpg\",\"category\":\"智能硬件\",\"categoryId\":3,\"carousel\":\"-1\",\"hot\":null,\"type\":\"AI人工智能\"},\"count\":1,\"checked\":true,\"state\":\"正在准备中\"}},{\"obj\":{\"id\":155,\"title\":\"米家车载空气净化器（USB车充版）\",\"des\":\"双风机循环气流，高效净化车内空气 过滤 PM2.5 颗粒物|60m³/h 颗粒物 CADR 静音模式|双轮镜像风机\",\"categoryId\":\"37\",\"version\":{\"id\":111,\"goodId\":155,\"price\":\"699\",\"inventory\":242,\"preferential\":\"666\",\"imgSrc\":\"http://localhost:10086/5b715ca86323713b9af0f7188103f194.jpg\",\"category\":\"出行\",\"categoryId\":37,\"carousel\":\"-1\",\"hot\":null,\"type\":\"灰色\"},\"count\":1,\"checked\":true,\"state\":\"正在准备中\"}}]'),(50,13,'[{\"provience\":\"福建\",\"city\":\"泉州市\",\"district\":\"丰泽区\",\"detial\":\"云谷社区院芳路18号\",\"phone\":\"188****7075\",\"contact\":\"张晓均\"}]','[{\"obj\":{\"id\":99,\"title\":\"小米小爱老师\",\"des\":\"小爱老师口袋外教 丰富内容趣味学习 查单词巨快 背单词巨牢 出国游巨方便  说英语巨地道\",\"categoryId\":\"3\",\"version\":{\"id\":56,\"goodId\":99,\"price\":\"499\",\"inventory\":999,\"preferential\":\"无\",\"imgSrc\":\"http://localhost:10086/18a1a94508a70df74b8fc4cc8cb84631.jpg\",\"category\":\"智能硬件\",\"categoryId\":3,\"carousel\":\"-1\",\"hot\":null,\"type\":\"AI人工智能\"},\"count\":1,\"checked\":true,\"state\":\"正在准备中\"}},{\"obj\":{\"id\":121,\"title\":\"小米壁画电视 65英寸\",\"des\":\"65英寸全场景AI语音艺术电视 大屏智能生活控制中心\",\"categoryId\":\"2\",\"version\":{\"id\":189,\"goodId\":121,\"price\":\"12999\",\"inventory\":5,\"preferential\":\"无\",\"imgSrc\":\"http://localhost:10086/dc7f8cd861db80530b333ca02e10b30d.jpg\",\"category\":\"电视机\",\"categoryId\":2,\"carousel\":\"-1\",\"hot\":1,\"type\":\"80寸\"},\"count\":1,\"checked\":true,\"state\":\"正在准备中\"}},{\"obj\":{\"id\":126,\"title\":\"小米手环4\",\"des\":\"改变从今开始 彩屏心率运动手环\",\"categoryId\":\"3\",\"version\":{\"id\":194,\"goodId\":126,\"price\":\"399\",\"inventory\":213,\"preferential\":\"359\",\"imgSrc\":\"http://localhost:10086/a2c14f38b7c85fb9eb1883878f898c5e.jpg\",\"category\":\"智能硬件\",\"categoryId\":3,\"carousel\":\"-1\",\"hot\":null,\"type\":\"复仇者联盟限量版\"},\"count\":1,\"checked\":true,\"state\":\"正在准备中\"}}]');

/*Table structure for table `merchants` */

DROP TABLE IF EXISTS `merchants`;

CREATE TABLE `merchants` (
  `id` int(30) NOT NULL AUTO_INCREMENT,
  `username` varchar(255) NOT NULL,
  `count` varchar(255) NOT NULL,
  `pwd` varchar(255) NOT NULL,
  `phone` varchar(255) NOT NULL,
  `emial` varchar(255) CHARACTER SET utf8 COLLATE utf8_general_ci NOT NULL,
  `header` varchar(255) DEFAULT NULL,
  `balance` int(255) DEFAULT NULL,
  PRIMARY KEY (`id`)
) ENGINE=MyISAM AUTO_INCREMENT=15 DEFAULT CHARSET=utf8;

/*Data for the table `merchants` */

insert  into `merchants`(`id`,`username`,`count`,`pwd`,`phone`,`emial`,`header`,`balance`) values (13,'我不是肖纯','8993140052','ZXJ.3011','18850387075','543440192@qq.com','http://localhost:10086/b0d1ff8d2f4753429ca19c9a9c82ff13.jpg',2148525);

/*Table structure for table `user` */

DROP TABLE IF EXISTS `user`;

CREATE TABLE `user` (
  `id` int(30) NOT NULL AUTO_INCREMENT,
  `count` varchar(255) NOT NULL,
  `pwd` varchar(255) NOT NULL,
  PRIMARY KEY (`id`)
) ENGINE=MyISAM AUTO_INCREMENT=2 DEFAULT CHARSET=utf8;

/*Data for the table `user` */

insert  into `user`(`id`,`count`,`pwd`) values (1,'admin','123');

/*!40101 SET SQL_MODE=@OLD_SQL_MODE */;
/*!40014 SET FOREIGN_KEY_CHECKS=@OLD_FOREIGN_KEY_CHECKS */;
/*!40014 SET UNIQUE_CHECKS=@OLD_UNIQUE_CHECKS */;
/*!40111 SET SQL_NOTES=@OLD_SQL_NOTES */;
